6722456,Fri May 01 2026 21:37:27 GMT+0200 (Central European Summer Time)
6722456,Fri May 01 2026 21:37:29 GMT+0200 (Central European Summer Time)
6722456,Fri May 01 2026 21:37:29 GMT+0200 (Central European Summer Time)
6722456,Fri May 01 2026 21:37:30 GMT+0200 (Central European Summer Time)
6722456,Fri May 01 2026 21:37:30 GMT+0200 (Central European Summer Time)
6722456,Fri May 01 2026 21:37:30 GMT+0200 (Central European Summer Time)
6722456,Fri May 01 2026 21:37:30 GMT+0200 (Central European Summer Time)
6722456,Fri May 01 2026 21:37:31 GMT+0200 (Central European Summer Time)
6722456,Fri May 01 2026 21:37:31 GMT+0200 (Central European Summer Time)
6722456,Fri May 01 2026 21:37:31 GMT+0200 (Central European Summer Time)
6722456,Fri May 01 2026 21:37:32 GMT+0200 (Central European Summer Time)
6722456,Fri May 01 2026 21:37:33 GMT+0200 (Central European Summer Time)
6722456,Fri May 01 2026 21:37:34 GMT+0200 (Central European Summer Time)
6722456,Fri May 01 2026 21:37:34 GMT+0200 (Central European Summer Time)
6722456,Fri May 01 2026 21:37:37 GMT+0200 (Central European Summer Time)
6722456,Fri May 01 2026 21:37:37 GMT+0200 (Central European Summer Time)
6722456,Fri May 01 2026 21:37:37 GMT+0200 (Central European Summer Time)
6722456,Fri May 01 2026 21:45:19 GMT+0200 (Central European Summer Time)
6722456,Fri May 01 2026 21:45:19 GMT+0200 (Central European Summer Time)
6722456,Fri May 01 2026 21:45:20 GMT+0200 (Central European Summer Time)
6722456,Fri May 01 2026 21:55:16 GMT+0200 (Central European Summer Time)
6722456,Fri May 01 2026 21:55:16 GMT+0200 (Central European Summer Time)
6722456,Fri May 01 2026 21:55:48 GMT+0200 (Central European Summer Time)
